Title,Genre,Premiere,Movie Length,IMDB Score
Song Analysis Begin,Documentary,"March 11, 2020",99,2.3
Simply Seven Case,Horror,"March 28, 2022",96,2.7
Building Both Policy,Thriller,"December 16, 2021",141,1.8
Three Rate Word,Horror,"July 12, 2021",147,4.0
Third Sit Sell,Drama,"March 17, 2020",85,1.0
Animal Energy Point,Documentary,"September 06, 2022",114,3.7
I Head Analysis,Drama,"January 08, 2020",88,1.3
Natural Some Others,Horror,"April 12, 2021",104,2.6
Trade Behavior School,Action,"January 12, 2021",93,3.5
Five Card Central,Thriller,"March 18, 2022",145,1.4
Management Bag Mean,Horror,"April 19, 2022",98,2.0
Child Move Thus,Documentary,"August 05, 2020",98,2.4
Eight Fine Red,Romance,"March 29, 2021",119,3.9
Interview Executive Should,Romance,"June 04, 2021",132,2.4
Street Price While,Thriller,"March 15, 2022",129,2.5
During Understand Sign,Comedy,"December 10, 2021",87,3.4
Reason Total According,Comedy,"May 03, 2020",144,1.7
Time Notice Chance,Documentary,"May 13, 2020",145,4.5
Republican Reach Tv,Mystery,"April 16, 2020",148,2.7
